<?xml version='1.1' encoding='UTF-8'?>
<org.jvnet.hudson.plugins.thinbackup.ThinBackupPluginImpl plugin="thinBackup@1.9">
  <fullBackupSchedule>*/5 * * * *</fullBackupSchedule>
  <diffBackupSchedule></diffBackupSchedule>
  <backupPath>/var/lib/jenkins/workspace/</backupPath>
  <nrMaxStoredFull>2</nrMaxStoredFull>
  <excludedFilesRegex></excludedFilesRegex>
  <waitForIdle>true</waitForIdle>
  <forceQuietModeTimeout>5</forceQuietModeTimeout>
  <cleanupDiff>false</cleanupDiff>
  <moveOldBackupsToZipFile>true</moveOldBackupsToZipFile>
  <backupBuildResults>true</backupBuildResults>
  <backupBuildArchive>false</backupBuildArchive>
  <backupPluginArchives>false</backupPluginArchives>
  <backupUserContents>false</backupUserContents>
  <backupAdditionalFiles>false</backupAdditionalFiles>
  <backupAdditionalFilesRegex></backupAdditionalFilesRegex>
  <backupNextBuildNumber>false</backupNextBuildNumber>
  <backupBuildsToKeepOnly>false</backupBuildsToKeepOnly>
</org.jvnet.hudson.plugins.thinbackup.ThinBackupPluginImpl>